{"z_score":{"mean":5.4426584,"std_dev":1.8666154}}