{"z_score":{"mean":5.1391287,"std_dev":1.9078251}}